Workbook

Sheet Config
A1: Config — Pesos do Power Score e stats base por raridade
A3: Pesos do Power Score (ajuste livremente — todas as fórmulas da aba Personagens recalculam sozinhas)
A4: Peso HP | B4: 0.02
A5: Peso ATK | B5: 3
A6: Peso INI | B6: 2
A7: Peso ESQ (fração, ex: 0.05) | B7: 500
A9: Stats base por raridade (nível 1, 0 estrelas, sem Módulos) — ponto de partida, ajuste conforme os testes de balanceamento
A10: Raridade | B10: HP base | C10: ATK base | D10: INI base | E10: ESQ base (fração)
A11: Alpha | B11: 800 | C11: 80 | D11: 80 | E11: 0.05
A12: Beta | B12: 1000 | C12: 100 | D12: 85 | E12: 0.06
A13: RC | B13: 1300 | C13: 130 | D13: 90 | E13: 0.07
A14: Stable | B14: 1700 | C14: 170 | D14: 95 | E14: 0.08
A15: LTS | B15: 2200 | C15: 220 | D15: 100 | E15: 0.09
A16: Quantum | B16: 3000 | C16: 300 | D16: 110 | E16: 0.1
A18: DEF base é sempre 0 para todos os personagens (regra de design: DEF só sobe via habilidade própria ou Módulos .dll)

Sheet Personagens
A1: Nome | B1: Mundo (.iso) | C1: Mitologia | D1: Facção | E1: Elemento | F1: Raridade | G1: HP | H1: ATK | I1: DEF | J1: INI | K1: ESQ | L1: Tipo de Habilidade | M1: Power Score | N1: Notas
A2: Odin.exe | B2: Yggdrasil.iso | C2: Nórdica | D2: Firewall | E2: Encryption | F2: Quantum | G2: =INDEX(Config!$B$11:$B$16,MATCH(F2,Config!$A$11:$A$16,0)) -> 3000 | H2: =INDEX(Config!$C$11:$C$16,MATCH(F2,Config!$A$11:$A$16,0)) -> 300 | I2: 0 | J2: =INDEX(Config!$D$11:$D$16,MATCH(F2,Config!$A$11:$A$16,0)) -> 110 | K2: =INDEX(Config!$E$11:$E$16,MATCH(F2,Config!$A$11:$A$16,0)) -> 0.1 | L2: =IF(OR(F2="Stable",F2="LTS",F2="Quantum"),"Passiva","Ativa (3 opções)") -> Passiva | M2: =G2*Config!$B$4 + H2*Config!$B$5 + J2*Config!$B$6 + K2*Config!$B$7 -> 1230
A3: Freya.exe | B3: Yggdrasil.iso | C3: Nórdica | D3: Crypto-Miner | E3: Nanites | F3: LTS | G3: =INDEX(Config!$B$11:$B$16,MATCH(F3,Config!$A$11:$A$16,0)) -> 2200 | H3: =INDEX(Config!$C$11:$C$16,MATCH(F3,Config!$A$11:$A$16,0)) -> 220 | I3: 0 | J3: =INDEX(Config!$D$11:$D$16,MATCH(F3,Config!$A$11:$A$16,0)) -> 100 | K3: =INDEX(Config!$E$11:$E$16,MATCH(F3,Config!$A$11:$A$16,0)) -> 0.09 | L3: =IF(OR(F3="Stable",F3="LTS",F3="Quantum"),"Passiva","Ativa (3 opções)") -> Passiva | M3: =G3*Config!$B$4 + H3*Config!$B$5 + J3*Config!$B$6 + K3*Config!$B$7 -> 949
A4: Thor.exe | B4: Yggdrasil.iso | C4: Nórdica | D4: Malware | E4: Vírus | F4: RC | G4: =INDEX(Config!$B$11:$B$16,MATCH(F4,Config!$A$11:$A$16,0)) -> 1300 | H4: =INDEX(Config!$C$11:$C$16,MATCH(F4,Config!$A$11:$A$16,0)) -> 130 | I4: 0 | J4: =INDEX(Config!$D$11:$D$16,MATCH(F4,Config!$A$11:$A$16,0)) -> 90 | K4: =INDEX(Config!$E$11:$E$16,MATCH(F4,Config!$A$11:$A$16,0)) -> 0.07 | L4: =IF(OR(F4="Stable",F4="LTS",F4="Quantum"),"Passiva","Ativa (3 opções)") -> Ativa (3 opções) | M4: =G4*Config!$B$4 + H4*Config!$B$5 + J4*Config!$B$6 + K4*Config!$B$7 -> 631
A5: Ratatoskr.exe | B5: Yggdrasil.iso | C5: Nórdica | D5: Exploit | E5: Backdoor | F5: Beta | G5: =INDEX(Config!$B$11:$B$16,MATCH(F5,Config!$A$11:$A$16,0)) -> 1000 | H5: =INDEX(Config!$C$11:$C$16,MATCH(F5,Config!$A$11:$A$16,0)) -> 100 | I5: 0 | J5: =INDEX(Config!$D$11:$D$16,MATCH(F5,Config!$A$11:$A$16,0)) -> 85 | K5: =INDEX(Config!$E$11:$E$16,MATCH(F5,Config!$A$11:$A$16,0)) -> 0.06 | L5: =IF(OR(F5="Stable",F5="LTS",F5="Quantum"),"Passiva","Ativa (3 opções)") -> Ativa (3 opções) | M5: =G5*Config!$B$4 + H5*Config!$B$5 + J5*Config!$B$6 + K5*Config!$B$7 -> 520
A6: Zeus.exe | B6: Olympus.iso | C6: Grega | D6: Malware | E6: Encryption | F6: Quantum | G6: =INDEX(Config!$B$11:$B$16,MATCH(F6,Config!$A$11:$A$16,0)) -> 3000 | H6: =INDEX(Config!$C$11:$C$16,MATCH(F6,Config!$A$11:$A$16,0)) -> 300 | I6: 0 | J6: =INDEX(Config!$D$11:$D$16,MATCH(F6,Config!$A$11:$A$16,0)) -> 110 | K6: =INDEX(Config!$E$11:$E$16,MATCH(F6,Config!$A$11:$A$16,0)) -> 0.1 | L6: =IF(OR(F6="Stable",F6="LTS",F6="Quantum"),"Passiva","Ativa (3 opções)") -> Passiva | M6: =G6*Config!$B$4 + H6*Config!$B$5 + J6*Config!$B$6 + K6*Config!$B$7 -> 1230
A7: Hades.exe | B7: Olympus.iso | C7: Grega | D7: Firewall | E7: Backdoor | F7: LTS | G7: =INDEX(Config!$B$11:$B$16,MATCH(F7,Config!$A$11:$A$16,0)) -> 2200 | H7: =INDEX(Config!$C$11:$C$16,MATCH(F7,Config!$A$11:$A$16,0)) -> 220 | I7: 0 | J7: =INDEX(Config!$D$11:$D$16,MATCH(F7,Config!$A$11:$A$16,0)) -> 100 | K7: =INDEX(Config!$E$11:$E$16,MATCH(F7,Config!$A$11:$A$16,0)) -> 0.09 | L7: =IF(OR(F7="Stable",F7="LTS",F7="Quantum"),"Passiva","Ativa (3 opções)") -> Passiva | M7: =G7*Config!$B$4 + H7*Config!$B$5 + J7*Config!$B$6 + K7*Config!$B$7 -> 949
A8: Atena.exe | B8: Olympus.iso | C8: Grega | D8: Crypto-Miner | E8: Encryption | F8: RC | G8: =INDEX(Config!$B$11:$B$16,MATCH(F8,Config!$A$11:$A$16,0)) -> 1300 | H8: =INDEX(Config!$C$11:$C$16,MATCH(F8,Config!$A$11:$A$16,0)) -> 130 | I8: 0 | J8: =INDEX(Config!$D$11:$D$16,MATCH(F8,Config!$A$11:$A$16,0)) -> 90 | K8: =INDEX(Config!$E$11:$E$16,MATCH(F8,Config!$A$11:$A$16,0)) -> 0.07 | L8: =IF(OR(F8="Stable",F8="LTS",F8="Quantum"),"Passiva","Ativa (3 opções)") -> Ativa (3 opções) | M8: =G8*Config!$B$4 + H8*Config!$B$5 + J8*Config!$B$6 + K8*Config!$B$7 -> 631
A9: Sátiro.exe | B9: Olympus.iso | C9: Grega | D9: Malware | E9: Vírus | F9: Alpha | G9: =INDEX(Config!$B$11:$B$16,MATCH(F9,Config!$A$11:$A$16,0)) -> 800 | H9: =INDEX(Config!$C$11:$C$16,MATCH(F9,Config!$A$11:$A$16,0)) -> 80 | I9: 0 | J9: =INDEX(Config!$D$11:$D$16,MATCH(F9,Config!$A$11:$A$16,0)) -> 80 | K9: =INDEX(Config!$E$11:$E$16,MATCH(F9,Config!$A$11:$A$16,0)) -> 0.05 | L9: =IF(OR(F9="Stable",F9="LTS",F9="Quantum"),"Passiva","Ativa (3 opções)") -> Ativa (3 opções) | M9: =G9*Config!$B$4 + H9*Config!$B$5 + J9*Config!$B$6 + K9*Config!$B$7 -> 441
A10: Ra.exe | B10: Duat.iso | C10: Egípcia | D10: Crypto-Miner | E10: Encryption | F10: Quantum | G10: =INDEX(Config!$B$11:$B$16,MATCH(F10,Config!$A$11:$A$16,0)) -> 3000 | H10: =INDEX(Config!$C$11:$C$16,MATCH(F10,Config!$A$11:$A$16,0)) -> 300 | I10: 0 | J10: =INDEX(Config!$D$11:$D$16,MATCH(F10,Config!$A$11:$A$16,0)) -> 110 | K10: =INDEX(Config!$E$11:$E$16,MATCH(F10,Config!$A$11:$A$16,0)) -> 0.1 | L10: =IF(OR(F10="Stable",F10="LTS",F10="Quantum"),"Passiva","Ativa (3 opções)") -> Passiva | M10: =G10*Config!$B$4 + H10*Config!$B$5 + J10*Config!$B$6 + K10*Config!$B$7 -> 1230
A11: Anúbis.exe | B11: Duat.iso | C11: Egípcia | D11: Firewall | E11: Backdoor | F11: LTS | G11: =INDEX(Config!$B$11:$B$16,MATCH(F11,Config!$A$11:$A$16,0)) -> 2200 | H11: =INDEX(Config!$C$11:$C$16,MATCH(F11,Config!$A$11:$A$16,0)) -> 220 | I11: 0 | J11: =INDEX(Config!$D$11:$D$16,MATCH(F11,Config!$A$11:$A$16,0)) -> 100 | K11: =INDEX(Config!$E$11:$E$16,MATCH(F11,Config!$A$11:$A$16,0)) -> 0.09 | L11: =IF(OR(F11="Stable",F11="LTS",F11="Quantum"),"Passiva","Ativa (3 opções)") -> Passiva | M11: =G11*Config!$B$4 + H11*Config!$B$5 + J11*Config!$B$6 + K11*Config!$B$7 -> 949
A12: Ísis.exe | B12: Duat.iso | C12: Egípcia | D12: Crypto-Miner | E12: Brute Force | F12: RC | G12: =INDEX(Config!$B$11:$B$16,MATCH(F12,Config!$A$11:$A$16,0)) -> 1300 | H12: =INDEX(Config!$C$11:$C$16,MATCH(F12,Config!$A$11:$A$16,0)) -> 130 | I12: 0 | J12: =INDEX(Config!$D$11:$D$16,MATCH(F12,Config!$A$11:$A$16,0)) -> 90 | K12: =INDEX(Config!$E$11:$E$16,MATCH(F12,Config!$A$11:$A$16,0)) -> 0.07 | L12: =IF(OR(F12="Stable",F12="LTS",F12="Quantum"),"Passiva","Ativa (3 opções)") -> Ativa (3 opções) | M12: =G12*Config!$B$4 + H12*Config!$B$5 + J12*Config!$B$6 + K12*Config!$B$7 -> 631
A13: Escaravelho.exe | B13: Duat.iso | C13: Egípcia | D13: Malware | E13: Brute Force | F13: Beta | G13: =INDEX(Config!$B$11:$B$16,MATCH(F13,Config!$A$11:$A$16,0)) -> 1000 | H13: =INDEX(Config!$C$11:$C$16,MATCH(F13,Config!$A$11:$A$16,0)) -> 100 | I13: 0 | J13: =INDEX(Config!$D$11:$D$16,MATCH(F13,Config!$A$11:$A$16,0)) -> 85 | K13: =INDEX(Config!$E$11:$E$16,MATCH(F13,Config!$A$11:$A$16,0)) -> 0.06 | L13: =IF(OR(F13="Stable",F13="LTS",F13="Quantum"),"Passiva","Ativa (3 opções)") -> Ativa (3 opções) | M13: =G13*Config!$B$4 + H13*Config!$B$5 + J13*Config!$B$6 + K13*Config!$B$7 -> 520
... A25: Saci.exe | B25: Jurupari.iso | C25: Folclore Brasileiro | D25: Exploit | E25: Nanites | F25: Alpha | G25: =INDEX(Config!$B$11:$B$16,MATCH(F25,Config!$A$11:$A$16,0)) -> 800 | H25: =INDEX(Config!$C$11:$C$16,MATCH(F25,Config!$A$11:$A$16,0)) -> 80 | I25: 0 | J25: =INDEX(Config!$D$11:$D$16,MATCH(F25,Config!$A$11:$A$16,0)) -> 80 | K25: =INDEX(Config!$E$11:$E$16,MATCH(F25,Config!$A$11:$A$16,0)) -> 0.05 | L25: =IF(OR(F25="Stable",F25="LTS",F25="Quantum"),"Passiva","Ativa (3 opções)") -> Ativa (3 opções) | M25: =G25*Config!$B$4 + H25*Config!$B$5 + J25*Config!$B$6 + K25*Config!$B$7 -> 441
A27: Legenda: colunas azuis em Config são valores editáveis (pesos e stats base). HP/ATK/INI/ESQ aqui puxam da aba Config por raridade automaticamente — sobrescreva manualmente uma célula se um personagem específico precisar fugir do padrão.
